{"test_loss":1.1359371021389961,"lr":3.67695424770964e-05,"_step":10,"valid_loss":1.159936062991619,"_runtime":124.74514072,"epoch":10,"_timestamp":1.74491638578815e+09,"valid_accuracy":0.856640625,"confusion_matrix_table":{"artifact_path":"wandb-client-artifact://tb1fp027hulkl4vzcj9325u1kdul5ku5b3bvmuku9er1cnz4w3051kp23tczl22v156kcsc6z8sofu7n1ncqteu1hpxz2d2wb1z1dzo3x2cfknn9og3rhyszq0vg13yp/confusion_matrix_table.table.json","_latest_artifact_path":"wandb-client-artifact://zqqf4xw1kjyyxdirags9137om0qp67w0uc24kv1o56htonezqditcm55jmu57un8j38dba471g0kcuv8jxugtzrm9b39kgj2k1tuh73yypuppx9mty0gn555mkkjkwk0:latest/confusion_matrix_table.table.json","path":"media/table/confusion_matrix_table_10_ea088e73920dd4347c58.table.json","ncols":3,"nrows":100,"_type":"table-file","sha256":"ea088e73920dd4347c587c1ad46cc0844d79061462018241d5fc81eb5a9515db","size":3026},"_wandb":{"runtime":124},"train_accuracy":0.9940605158730159,"test_accuracy":0.86357421875,"train_loss":0.8935674924850464}