{"_timestamp":1.744952204655613e+09,"lr":3.67695424770964e-05,"_wandb":{"runtime":121},"epoch":10,"valid_accuracy":0.77490234375,"train_accuracy":0.9943730158730159,"test_accuracy":0.78642578125,"train_loss":0.8922890434265137,"_runtime":121.071189602,"confusion_matrix_table":{"path":"media/table/confusion_matrix_table_10_b6b4f9d46429e86f1d7d.table.json","ncols":3,"nrows":100,"_type":"table-file","sha256":"b6b4f9d46429e86f1d7d95a160708e41d4de4b3114233e5f491d33d2272f7c64","size":3033,"artifact_path":"wandb-client-artifact://hszxckie0oriclpi5rhkoziy0b0nvyx1gz0eud1dcd0zow0e5gr3bdju9thels8u8ghwzai7x2m7qgu2tnp22mja36frunudbscnnnmh67x7sjov3optmklurcurv397/confusion_matrix_table.table.json","_latest_artifact_path":"wandb-client-artifact://pjk9wpqzdjvn9vs5ni4n133ia456ydwewwr5mkvagxgrs5cbbo9aqsobbz0su5r7gkiahqthewe5j48rm7rehxoku708s4n606j4djuustlw1oy9hhuiv2ksfpn0h0gd:latest/confusion_matrix_table.table.json"},"test_loss":1.3160169571638107,"valid_loss":1.3299691677093506,"_step":10}