{"train_loss":1.2027227611541749,"_timestamp":1.744916658005484e+09,"train_accuracy":0.8548621031746031,"valid_accuracy":0.81162109375,"confusion_matrix_table":{"size":3033,"artifact_path":"wandb-client-artifact://rru0lc04vt9ek5ab1rg61uaidu3onalkya26cx5fab8rvxgqv99x36n6hqzlfsaucw105ctafy4etj9mxlisbpq3zuaa7z52v6k63zyomm8pgik2qh3550xt6z1d0tbj/confusion_matrix_table.table.json","_latest_artifact_path":"wandb-client-artifact://bqkbesnkxx5tlbdsl9c3u5duca6wzavns4neyph0kbhu3ub2gmekhw9x3nb6ney1i26vayakawcbfgspd5poemecn51hkve9l2xxbhrycc2aeanthmvoi9udvjtjgavh:latest/confusion_matrix_table.table.json","path":"media/table/confusion_matrix_table_10_fceb9f5b3030c10354ea.table.json","ncols":3,"nrows":100,"_type":"table-file","sha256":"fceb9f5b3030c10354eaca54e1d163fb3b80ed9057425019eca6e4c89f87ee15"},"_step":10,"lr":3.67695424770964e-05,"valid_loss":1.2676831185817719,"test_loss":1.257040023803711,"_runtime":122.096452323,"_wandb":{"runtime":122},"epoch":10,"test_accuracy":0.81826171875}