{"_runtime":117.090718505,"train_loss":1.7694263944625854,"train_accuracy":0.6833382936507936,"epoch":10,"_timestamp":1.7449524354886386e+09,"_step":10,"valid_accuracy":0.70166015625,"test_accuracy":0.7185546875,"valid_loss":1.7452551499009132,"lr":3.6769542477096356e-06,"confusion_matrix_table":{"ncols":3,"nrows":100,"_type":"table-file","sha256":"f2d5f4da3b168c98728d04f21f67a2ebd5786255c5f17928637fbe020aa371bf","size":3038,"artifact_path":"wandb-client-artifact://d0yedh49ibm93f36jvinlgzeozj5jc456wevv83wu1g5lbythypglgiuvzsz18v8rzmx86zdiy2n51yugzhc8in3crpw8b871bas8v8572d0mgp8zbvvyx4o44xcpnhc/confusion_matrix_table.table.json","_latest_artifact_path":"wandb-client-artifact://30rquxbwv3thjb0ht1e0ys3hycbzhtfm09jbh7eon8gd5ng19o1uxguc1qmdb9an4aitsbl2ifmegjg56qx8fectctq8u5g4vt8nb00m8do324lssviq8xphiovc3z2u:latest/confusion_matrix_table.table.json","path":"media/table/confusion_matrix_table_10_f2d5f4da3b168c98728d.table.json"},"test_loss":1.7299873158335686,"_wandb":{"runtime":117}}