{"epoch":10,"_runtime":124.404072895,"_wandb":{"runtime":124},"lr":1.7478712517226936e-50,"train_accuracy":98.488,"_step":10,"valid_loss":1.3792592287063599,"test_accuracy":99.9375,"test_loss":1.361025333404541,"valid_accuracy":98.125,"_timestamp":1.7449135126247017e+09,"confusion_matrix_table":{"artifact_path":"wandb-client-artifact://gqbnv9nqmaqqvywrxnyju02ndnv1tvhv7hbp5eygk79fxocpmnnna757ljetwwxjo22xnq7d8eappuy1udd22rkcuz7f4epxi03f4iw8te0zwsfa8qhqpklggwuf2vkn/confusion_matrix_table.table.json","_latest_artifact_path":"wandb-client-artifact://3qgxffaougqovwq33mgc6s5lkgr58q8t60em4gsu7wtyxqyo6ixz3laixju8g342z38iclk73ypdipq2zp8kggvk3m72s5gvpvblmafrooefuwf032wsz8efgfvxiifz:latest/confusion_matrix_table.table.json","path":"media/table/confusion_matrix_table_10_742143da1d20416f91b9.table.json","ncols":3,"nrows":100,"_type":"table-file","sha256":"742143da1d20416f91b95a56258036b079171d3a7230f7c5ff5513b02375a22e","size":3031},"train_loss":1.3833581323623658}