{"test_accuracy":0.86220703125,"train_accuracy":0.9332430555555555,"_step":10,"train_loss":1.0253312244415282,"valid_accuracy":0.84443359375,"_runtime":123.216558887,"lr":1.7478712517226936e-50,"test_loss":1.148515798151493,"epoch":10,"valid_loss":1.1760833784937859,"_timestamp":1.7449155434333804e+09,"confusion_matrix_table":{"_latest_artifact_path":"wandb-client-artifact://20k6cz7s9r0wf64bifabfvx8xsik7daheiedd5wwbdxl54msjktdjczgwlz0v6nxhhs2en9sud36cvxw8hu1hwkg315jt6ps10xbg3erbrnz6btmsceq53oais3vgbfi:latest/confusion_matrix_table.table.json","path":"media/table/confusion_matrix_table_10_402f4d20c5224602f906.table.json","ncols":3,"nrows":100,"_type":"table-file","sha256":"402f4d20c5224602f906046fa478589be0c7dc775c4417ca89a0a4fdee095415","size":3027,"artifact_path":"wandb-client-artifact://3qpar2hbntvt3rt7euysqlr5t3iop3wh9cxm0m5vrztwnv91572x8of0ttn4ujqhbk71tci9cl82ydfotwvnww8h64z7yisvmrekj4ts4hr1vv6mw7ic7qi0pucz8wr7/confusion_matrix_table.table.json"},"_wandb":{"runtime":123}}