{"_runtime":187.740094147,"epoch":10,"valid_accuracy":0.876171875,"train_loss":0.8864542803764344,"confusion_matrix_table":{"path":"media/table/confusion_matrix_table_10_1aa6733c86714ddd94a5.table.json","ncols":3,"nrows":100,"_type":"table-file","sha256":"1aa6733c86714ddd94a52e94be5d06acb5772487caf5f21425d00318b74c4d94","size":3025,"artifact_path":"wandb-client-artifact://0kibkot01rcbgptrrgfpi4jc8vnbalo7q952p8jtu3i93dijkc5v867go5a88mpx4ih08fe3fifshjto2th7vdsjttz9ohl14d25mcndaxns5lp0pmlmauqaelsbohvr/confusion_matrix_table.table.json","_latest_artifact_path":"wandb-client-artifact://gg7ydwcnnv94vb38d9dd06bs4o223rux5bfmuto0nibi00kidyybhioyzk2irprinvi330fk3hp4wq2smknu8mq1qlq1szy8rs0wtcy7u3x2b13ci418huuu3o3ercwp:latest/confusion_matrix_table.table.json"},"train_accuracy":0.9976875,"lr":3.67695424770964e-05,"valid_loss":1.1200301721692085,"test_accuracy":0.8751953125,"_timestamp":1.7449171315567124e+09,"_step":10,"_wandb":{"runtime":187},"test_loss":1.101985827088356}