{"train_accuracy":119.44,"test_accuracy":108,"train_loss":1.0253312244415282,"epoch":10,"test_loss":1.148515798151493,"_timestamp":1.7449149583902466e+09,"valid_accuracy":105.6875,"valid_loss":1.1760833784937859,"confusion_matrix_table":{"path":"media/table/confusion_matrix_table_10_402f4d20c5224602f906.table.json","ncols":3,"nrows":100,"_type":"table-file","sha256":"402f4d20c5224602f906046fa478589be0c7dc775c4417ca89a0a4fdee095415","size":3027,"artifact_path":"wandb-client-artifact://1nmx957fuvx293dmtgvhd0qfs0vjrx6yvoxogwz4r6727dnrt4gwx9tk4mt8fzyt2hjorimu2rckavpp0y907vmzutc9vhet746tcm7b1tdamt6um364mfly3fcn1ogf/confusion_matrix_table.table.json","_latest_artifact_path":"wandb-client-artifact://meb4xpxjrck2kwf6jadzkiwyp08nlt0bhprsxag77b2izv5jb3d833zcyhnzvu9xynrigxxxvzm8h3a1znzv0kt7mc39vcflpd951kdew97ata8620bdnvgc6gvrv4ci:latest/confusion_matrix_table.table.json"},"_runtime":122.644834234,"_step":10,"lr":1.7478712517226936e-50,"_wandb":{"runtime":122}}